[
  {
    "date": "2020-01-07",
    "price": 8043.3
  },
  {
    "date": "2020-01-14",
    "price": 8810.3
  },
  {
    "date": "2020-01-21",
    "price": 8659
  },
  {
    "date": "2020-01-28",
    "price": 9280.9
  },
  {
    "date": "2020-02-04",
    "price": 9616.2
  },
  {
    "date": "2020-02-11",
    "price": 10354.6
  },
  {
    "date": "2020-02-18",
    "price": 9602.2
  },
  {
    "date": "2020-02-25",
    "price": 8783.5
  },
  {
    "date": "2020-03-03",
    "price": 8758.7
  },
  {
    "date": "2020-03-10",
    "price": 7943.3
  },
  {
    "date": "2020-03-17",
    "price": 5415.2
  },
  {
    "date": "2020-03-24",
    "price": 6689.9
  },
  {
    "date": "2020-03-31",
    "price": 6662.9
  },
  {
    "date": "2020-04-07",
    "price": 7368
  },
  {
    "date": "2020-04-14",
    "price": 6619.8
  },
  {
    "date": "2020-04-21",
    "price": 7136.9
  },
  {
    "date": "2020-04-28",
    "price": 8779.9
  },
  {
    "date": "2020-05-05",
    "price": 9166.1
  },
  {
    "date": "2020-05-12",
    "price": 9317.1
  },
  {
    "date": "2020-05-19",
    "price": 9510.1
  },
  {
    "date": "2020-05-26",
    "price": 9213.9
  },
  {
    "date": "2020-06-02",
    "price": 9664.1
  },
  {
    "date": "2020-06-09",
    "price": 9892.4
  },
  {
    "date": "2020-06-16",
    "price": 9453.1
  },
  {
    "date": "2020-06-23",
    "price": 9282
  },
  {
    "date": "2020-06-30",
    "price": 9234.5
  },
  {
    "date": "2020-07-07",
    "price": 9440.1
  },
  {
    "date": "2020-07-14",
    "price": 9195
  },
  {
    "date": "2020-07-21",
    "price": 9529.9
  },
  {
    "date": "2020-07-28",
    "price": 11108.2
  },
  {
    "date": "2020-08-04",
    "price": 11746
  },
  {
    "date": "2020-08-11",
    "price": 11576.6
  },
  {
    "date": "2020-08-18",
    "price": 11757.4
  },
  {
    "date": "2020-08-25",
    "price": 11469.5
  },
  {
    "date": "2020-09-01",
    "price": 11396.9
  },
  {
    "date": "2020-09-08",
    "price": 10229.7
  },
  {
    "date": "2020-09-15",
    "price": 10951.1
  },
  {
    "date": "2020-09-22",
    "price": 10230.7
  },
  {
    "date": "2020-09-29",
    "price": 10774.9
  },
  {
    "date": "2020-10-06",
    "price": 10669.9
  },
  {
    "date": "2020-10-13",
    "price": 11433.1
  },
  {
    "date": "2020-10-20",
    "price": 12813
  },
  {
    "date": "2020-10-27",
    "price": 13289.5
  },
  {
    "date": "2020-11-03",
    "price": 14163.3
  },
  {
    "date": "2020-11-10",
    "price": 15708.7
  },
  {
    "date": "2020-11-17",
    "price": 17800
  },
  {
    "date": "2020-11-24",
    "price": 18723.4
  },
  {
    "date": "2020-12-01",
    "price": 19231.4
  },
  {
    "date": "2020-12-08",
    "price": 18548.5
  },
  {
    "date": "2020-12-15",
    "price": 21378.1
  },
  {
    "date": "2020-12-22",
    "price": 23226.7
  },
  {
    "date": "2020-12-29",
    "price": 28879.9
  },
  {
    "date": "2021-01-05",
    "price": 36876.7
  },
  {
    "date": "2021-01-12",
    "price": 37390.1
  },
  {
    "date": "2021-01-19",
    "price": 35511.8
  },
  {
    "date": "2021-01-26",
    "price": 30424.2
  },
  {
    "date": "2021-02-02",
    "price": 37670.9
  },
  {
    "date": "2021-02-09",
    "price": 44847.5
  },
  {
    "date": "2021-02-16",
    "price": 52130
  },
  {
    "date": "2021-02-23",
    "price": 49727.7
  },
  {
    "date": "2021-03-02",
    "price": 50400
  },
  {
    "date": "2021-03-09",
    "price": 55851
  },
  {
    "date": "2021-03-16",
    "price": 58933
  },
  {
    "date": "2021-03-23",
    "price": 52293.8
  },
  {
    "date": "2021-03-30",
    "price": 58786.2
  },
  {
    "date": "2021-04-06",
    "price": 55928.5
  },
  {
    "date": "2021-04-13",
    "price": 62969
  },
  {
    "date": "2021-04-20",
    "price": 53815.2
  },
  {
    "date": "2021-04-27",
    "price": 54899.3
  },
  {
    "date": "2021-05-04",
    "price": 57497.1
  },
  {
    "date": "2021-05-11",
    "price": 49502.7
  },
  {
    "date": "2021-05-18",
    "price": 36742.3
  },
  {
    "date": "2021-05-25",
    "price": 39283.9
  },
  {
    "date": "2021-06-01",
    "price": 37565.3
  },
  {
    "date": "2021-06-08",
    "price": 37396.4
  },
  {
    "date": "2021-06-15",
    "price": 38337.1
  },
  {
    "date": "2021-06-22",
    "price": 33683.3
  },
  {
    "date": "2021-06-29",
    "price": 35046.2
  },
  {
    "date": "2021-07-06",
    "price": 33885.1
  },
  {
    "date": "2021-07-13",
    "price": 32815.2
  },
  {
    "date": "2021-07-20",
    "price": 32125
  },
  {
    "date": "2021-07-27",
    "price": 40011
  },
  {
    "date": "2021-08-03",
    "price": 39749
  },
  {
    "date": "2021-08-10",
    "price": 45571.7
  },
  {
    "date": "2021-08-17",
    "price": 44714.7
  },
  {
    "date": "2021-08-24",
    "price": 48991.3
  },
  {
    "date": "2021-08-31",
    "price": 48872.2
  },
  {
    "date": "2021-09-07",
    "price": 46073.4
  },
  {
    "date": "2021-09-14",
    "price": 48152.3
  },
  {
    "date": "2021-09-21",
    "price": 43562.8
  },
  {
    "date": "2021-09-28",
    "price": 41524.8
  },
  {
    "date": "2021-10-05",
    "price": 55350.2
  },
  {
    "date": "2021-10-12",
    "price": 57381.2
  },
  {
    "date": "2021-10-19",
    "price": 66035.8
  },
  {
    "date": "2021-10-26",
    "price": 58500.1
  },
  {
    "date": "2021-11-02",
    "price": 62942.9
  },
  {
    "date": "2021-11-09",
    "price": 64969
  },
  {
    "date": "2021-11-16",
    "price": 60367.8
  },
  {
    "date": "2021-11-23",
    "price": 57203.3
  },
  {
    "date": "2021-11-30",
    "price": 57237.9
  },
  {
    "date": "2021-12-07",
    "price": 50515.1
  },
  {
    "date": "2021-12-14",
    "price": 48881.3
  },
  {
    "date": "2021-12-21",
    "price": 48624.9
  },
  {
    "date": "2021-12-28",
    "price": 46473.2
  },
  {
    "date": "2022-01-04",
    "price": 43410
  },
  {
    "date": "2022-01-11",
    "price": 43927.8
  },
  {
    "date": "2022-01-18",
    "price": 41686.2
  },
  {
    "date": "2022-01-25",
    "price": 36827.6
  },
  {
    "date": "2022-02-01",
    "price": 36903.3
  },
  {
    "date": "2022-02-08",
    "price": 44420
  },
  {
    "date": "2022-02-15",
    "price": 43873.1
  },
  {
    "date": "2022-02-22",
    "price": 37250.1
  },
  {
    "date": "2022-03-01",
    "price": 43922.5
  },
  {
    "date": "2022-03-08",
    "price": 41965.3
  },
  {
    "date": "2022-03-15",
    "price": 41124
  },
  {
    "date": "2022-03-22",
    "price": 42910.3
  },
  {
    "date": "2022-03-29",
    "price": 47059.3
  },
  {
    "date": "2022-04-05",
    "price": 43179.4
  },
  {
    "date": "2022-04-12",
    "price": 41150
  },
  {
    "date": "2022-04-19",
    "price": 41369.9
  },
  {
    "date": "2022-04-26",
    "price": 39249.9
  },
  {
    "date": "2022-05-03",
    "price": 39682.8
  },
  {
    "date": "2022-05-10",
    "price": 28994.1
  },
  {
    "date": "2022-05-17",
    "price": 28664.3
  },
  {
    "date": "2022-05-24",
    "price": 29520.3
  },
  {
    "date": "2022-05-31",
    "price": 29790
  },
  {
    "date": "2022-06-07",
    "price": 30190.8
  },
  {
    "date": "2022-06-14",
    "price": 22559.6
  },
  {
    "date": "2022-06-21",
    "price": 19951.3
  },
  {
    "date": "2022-06-28",
    "price": 20086.2
  },
  {
    "date": "2022-07-05",
    "price": 20542.7
  },
  {
    "date": "2022-07-12",
    "price": 20233.6
  },
  {
    "date": "2022-07-19",
    "price": 23242.4
  },
  {
    "date": "2022-07-26",
    "price": 22964.3
  },
  {
    "date": "2022-08-02",
    "price": 22827.9
  },
  {
    "date": "2022-08-09",
    "price": 23958.8
  },
  {
    "date": "2022-08-16",
    "price": 23336.2
  },
  {
    "date": "2022-08-23",
    "price": 21375.1
  },
  {
    "date": "2022-08-30",
    "price": 20052.6
  },
  {
    "date": "2022-09-06",
    "price": 19283.1
  },
  {
    "date": "2022-09-13",
    "price": 20233
  },
  {
    "date": "2022-09-20",
    "price": 18469.2
  },
  {
    "date": "2022-09-27",
    "price": 19400
  },
  {
    "date": "2022-10-04",
    "price": 20162.7
  },
  {
    "date": "2022-10-11",
    "price": 19155.9
  },
  {
    "date": "2022-10-18",
    "price": 19124.1
  },
  {
    "date": "2022-10-25",
    "price": 20775.9
  },
  {
    "date": "2022-11-01",
    "price": 20153.5
  },
  {
    "date": "2022-11-08",
    "price": 15863.7
  },
  {
    "date": "2022-11-15",
    "price": 16664
  },
  {
    "date": "2022-11-22",
    "price": 16599.3
  },
  {
    "date": "2022-11-29",
    "price": 17166.9
  },
  {
    "date": "2022-12-06",
    "price": 16837.3
  },
  {
    "date": "2022-12-13",
    "price": 17804.9
  },
  {
    "date": "2022-12-20",
    "price": 16829.4
  },
  {
    "date": "2022-12-27",
    "price": 16541.6
  },
  {
    "date": "2023-01-03",
    "price": 16848.9
  },
  {
    "date": "2023-01-10",
    "price": 17943
  },
  {
    "date": "2023-01-17",
    "price": 20680
  },
  {
    "date": "2023-01-24",
    "price": 23056.5
  },
  {
    "date": "2023-01-31",
    "price": 23716
  },
  {
    "date": "2023-02-07",
    "price": 22975
  },
  {
    "date": "2023-02-14",
    "price": 24328
  },
  {
    "date": "2023-02-21",
    "price": 24187
  },
  {
    "date": "2023-02-28",
    "price": 23653
  },
  {
    "date": "2023-03-07",
    "price": 21704
  },
  {
    "date": "2023-03-14",
    "price": 24386
  },
  {
    "date": "2023-03-21",
    "price": 27333
  },
  {
    "date": "2023-03-28",
    "price": 28326
  },
  {
    "date": "2023-04-04",
    "price": 28180
  },
  {
    "date": "2023-04-11",
    "price": 29908
  },
  {
    "date": "2023-04-18",
    "price": 28812
  },
  {
    "date": "2023-04-25",
    "price": 28424
  },
  {
    "date": "2023-05-02",
    "price": 29030
  },
  {
    "date": "2023-05-09",
    "price": 27621
  },
  {
    "date": "2023-05-16",
    "price": 27405
  },
  {
    "date": "2023-05-23",
    "price": 26328
  },
  {
    "date": "2023-05-30",
    "price": 27219
  },
  {
    "date": "2023-06-06",
    "price": 26350
  },
  {
    "date": "2023-06-13",
    "price": 25128
  },
  {
    "date": "2023-06-20",
    "price": 29993
  },
  {
    "date": "2023-06-27",
    "price": 30081
  },
  {
    "date": "2023-07-04",
    "price": 30505
  },
  {
    "date": "2023-07-11",
    "price": 30383
  },
  {
    "date": "2023-07-18",
    "price": 29918
  },
  {
    "date": "2023-07-25",
    "price": 29352
  },
  {
    "date": "2023-08-01",
    "price": 29163
  },
  {
    "date": "2023-08-08",
    "price": 29564
  },
  {
    "date": "2023-08-15",
    "price": 28701
  },
  {
    "date": "2023-08-22",
    "price": 26428
  },
  {
    "date": "2023-08-29",
    "price": 27299
  },
  {
    "date": "2023-09-05",
    "price": 25750
  },
  {
    "date": "2023-09-12",
    "price": 26227
  },
  {
    "date": "2023-09-19",
    "price": 27126
  },
  {
    "date": "2023-09-26",
    "price": 26356
  },
  {
    "date": "2023-10-03",
    "price": 27788
  },
  {
    "date": "2023-10-10",
    "price": 26869
  },
  {
    "date": "2023-10-17",
    "price": 28329
  },
  {
    "date": "2023-10-24",
    "price": 34504
  },
  {
    "date": "2023-10-31",
    "price": 35442
  },
  {
    "date": "2023-11-07",
    "price": 35639
  },
  {
    "date": "2023-11-14",
    "price": 37885
  },
  {
    "date": "2023-11-21",
    "price": 37424
  },
  {
    "date": "2023-11-28",
    "price": 37864
  },
  {
    "date": "2023-12-05",
    "price": 43740
  },
  {
    "date": "2023-12-12",
    "price": 40828
  },
  {
    "date": "2023-12-19",
    "price": 42406
  },
  {
    "date": "2023-12-26",
    "price": 42236
  },
  {
    "date": "2024-01-02",
    "price": 45286
  },
  {
    "date": "2024-01-09",
    "price": 46138
  },
  {
    "date": "2024-01-16",
    "price": 42848
  },
  {
    "date": "2024-01-23",
    "price": 39569
  },
  {
    "date": "2024-01-30",
    "price": 42870
  },
  {
    "date": "2024-02-06",
    "price": 43026
  },
  {
    "date": "2024-02-13",
    "price": 49527
  },
  {
    "date": "2024-02-20",
    "price": 52081
  },
  {
    "date": "2024-02-27",
    "price": 56926
  },
  {
    "date": "2024-03-05",
    "price": 62856
  },
  {
    "date": "2024-03-12",
    "price": 72003
  },
  {
    "date": "2024-03-19",
    "price": 62826
  },
  {
    "date": "2024-03-26",
    "price": 70577
  },
  {
    "date": "2024-04-02",
    "price": 65932
  },
  {
    "date": "2024-04-09",
    "price": 68653
  },
  {
    "date": "2024-04-16",
    "price": 63872
  },
  {
    "date": "2024-04-23",
    "price": 66565
  },
  {
    "date": "2024-04-30",
    "price": 59856
  },
  {
    "date": "2024-05-07",
    "price": 62761
  },
  {
    "date": "2024-05-14",
    "price": 61750
  },
  {
    "date": "2024-05-21",
    "price": 69996
  },
  {
    "date": "2024-05-28",
    "price": 68614
  },
  {
    "date": "2024-06-04",
    "price": 70846
  },
  {
    "date": "2024-06-11",
    "price": 67405
  },
  {
    "date": "2024-06-18",
    "price": 65302
  },
  {
    "date": "2024-06-25",
    "price": 62006
  },
  {
    "date": "2024-07-02",
    "price": 61280
  },
  {
    "date": "2024-07-09",
    "price": 57892
  },
  {
    "date": "2024-07-16",
    "price": 65646
  },
  {
    "date": "2024-07-23",
    "price": 65865
  },
  {
    "date": "2024-07-30",
    "price": 66111
  },
  {
    "date": "2024-08-06",
    "price": 56800
  },
  {
    "date": "2024-08-13",
    "price": 60840
  },
  {
    "date": "2024-08-20",
    "price": 59374
  },
  {
    "date": "2024-08-27",
    "price": 59353
  },
  {
    "date": "2024-09-03",
    "price": 56642
  },
  {
    "date": "2024-09-10",
    "price": 56920
  },
  {
    "date": "2024-09-17",
    "price": 60358
  },
  {
    "date": "2024-09-24",
    "price": 64417
  },
  {
    "date": "2024-10-01",
    "price": 61773
  },
  {
    "date": "2024-10-08",
    "price": 62232
  },
  {
    "date": "2024-10-15",
    "price": 67270
  },
  {
    "date": "2024-10-22",
    "price": 67045
  },
  {
    "date": "2024-10-29",
    "price": 72316
  },
  {
    "date": "2024-11-05",
    "price": 73123
  },
  {
    "date": "2024-11-12",
    "price": 87975
  },
  {
    "date": "2024-11-19",
    "price": 91909
  },
  {
    "date": "2024-11-26",
    "price": 92900
  },
  {
    "date": "2024-12-03",
    "price": 95844
  },
  {
    "date": "2024-12-10",
    "price": 97267
  },
  {
    "date": "2024-12-17",
    "price": 105309
  },
  {
    "date": "2024-12-24",
    "price": 98084
  },
  {
    "date": "2024-12-31",
    "price": 93883
  }
]

